-- Add up migration script here
INSERT INTO Users VALUES('user1','user1@abcd.co','$argon2id$v=19$m=19456,t=2,p=1$AnaB4r1/j5mQ66KMDGlvtQ$25FF8k1gramInrICz3HbH/YAhxUUonMFxaAS/nqHL7Y',NULL,NULL);
INSERT INTO Users VALUES('user2','user2@abcd.co','$argon2id$v=19$m=19456,t=2,p=1$N+kvivxKNpp2C0oYN/JcLg$5Lzz0rte6s5goYaod50p6WWfh3vmIYlZ/jf4wcutRg4',NULL,NULL);
INSERT INTO Users VALUES('user3','user3@abcd.co','$argon2id$v=19$m=19456,t=2,p=1$sK3ANCyW4++XATmkePUgjw$lOZu7Z9P9MKLonq6f0FJdk0B1WuajHsxNsVapILgNGg',NULL,NULL);
INSERT INTO Users VALUES('user4','user4@abcd.co','$argon2id$v=19$m=19456,t=2,p=1$nHzPjIItOYUns/ljri/kyA$htS2eJAomY5h4/0aE5r4ByrBxOa6a7MClaW/qlFvlM0',NULL,NULL);
INSERT INTO Users VALUES('user5','user5@abcd.co','$argon2id$v=19$m=19456,t=2,p=1$DSyiHjOeOoz1hDfDl6UcJg$CttwVp/CVQS1DJSzf2WEA9mrPWLATRMeEWNItIyaIQk',NULL,NULL);
INSERT INTO Follows VALUES('user2','user1');
INSERT INTO Follows VALUES('user4','user5');
INSERT INTO Articles VALUES('0197f7f2-cfca-7511-b9b8-6cd06e08578a','user1','Title place holder for user1''s first article','Description place holder for user1''s first article','Article text place holder for user1''s first article. Second line text place holder.','2025-07-11 05:26:14','2025-07-11 05:26:14');
INSERT INTO Articles VALUES('0197f7f3-f13d-7e13-9045-5f30d9ff49fd','user1','Title place holder for user1''s second article','Description place holder for user1''s second article','Article text place holder for user1''s second article. Second line text place holder.','2025-07-11 05:27:28','2025-07-11 05:27:28');
INSERT INTO Articles VALUES('0197f7f5-d26e-7241-856d-398d614ddf88','user2','Title place holder for user2''s first article','Description place holder for user2''s first article','Article text place holder for user2''s first article. Second line text place holder.','2025-07-11 05:29:32','2025-07-11 05:29:32');
INSERT INTO Articles VALUES('0197f7f7-16bc-76f0-825c-e79e72577c8b','user2','Title place holder for user2''s second article','Description place holder for user2''s second article','Article text place holder for user2''s second article. Second line text place holder.','2025-07-11 05:30:55','2025-07-11 05:30:55');
INSERT INTO Articles VALUES('0197f7fa-491a-7862-85bf-215bf9b86cb0','user3','Title place holder for user3''s first article','Description place holder for user3''s first article','Article text place holder for user3''s first article. Second line text place holder.','2025-07-11 05:34:24','2025-07-11 05:34:24');
INSERT INTO Articles VALUES('0197f7fa-d466-7da0-8fc6-e39b6fa2af5e','user3','Title place holder for user3''s second article','Description place holder for user3''s second article','Article text place holder for user3''s second article. Second line text place holder.','2025-07-11 05:35:00','2025-07-11 05:35:00');
INSERT INTO Articles VALUES('0197f7fc-9baa-73d1-919c-3b9ae6a3dca6','user4','Title place holder for user4''s first article','Description place holder for user4''s first article','Article text place holder for user4''s first article. Second line text place holder.','2025-07-11 05:36:56','2025-07-11 05:36:56');
INSERT INTO Articles VALUES('0197f7ff-9464-7532-ae72-2270b62d5f0c','user5','Title place holder for user5''s first article','Description place holder for user5''s first article','Article text place holder for user5''s first article. Second line text place holder.','2025-07-11 05:40:11','2025-07-11 05:40:11');
INSERT INTO Articles VALUES('0197f800-9d1d-7e52-b6a2-7a443d9dd091','user5','Title place holder for user5''s second article','Description place holder for user5''s second article','Article text place holder for user5''s second article. Second line text place holder.','2025-07-11 05:41:19','2025-07-11 05:41:19');
INSERT INTO Articles VALUES('0197f801-6b69-7120-944c-75a1210b9db8','user5','Title place holder for user5''s third article','Description place holder for user5''s third article','Article text place holder for user5''s third article. Second line text place holder.','2025-07-11 05:42:12','2025-07-11 05:42:12');
INSERT INTO Articles VALUES('0197f815-2d44-7d41-a346-c2e867337a92','user4','Title place holder for user4''s second article','Description place holder for user4''s second article','Article text place holder for user4''s second article. Second line text place holder.','2025-07-11 06:03:46','2025-07-11 06:03:46');
INSERT INTO ArticleTags VALUES('0197f7f2-cfca-7511-b9b8-6cd06e08578a','tag1');
INSERT INTO ArticleTags VALUES('0197f7f5-d26e-7241-856d-398d614ddf88','user2-a1');
INSERT INTO ArticleTags VALUES('0197f7fa-491a-7862-85bf-215bf9b86cb0','tag1');
INSERT INTO ArticleTags VALUES('0197f7fa-d466-7da0-8fc6-e39b6fa2af5e','tag2');
INSERT INTO ArticleTags VALUES('0197f7fc-9baa-73d1-919c-3b9ae6a3dca6','tag2');
INSERT INTO ArticleTags VALUES('0197f7ff-9464-7532-ae72-2270b62d5f0c','my-tag-u4');
INSERT INTO ArticleTags VALUES('0197f800-9d1d-7e52-b6a2-7a443d9dd091','u5-a2');
INSERT INTO FavArticles VALUES('0197f7f2-cfca-7511-b9b8-6cd06e08578a','user2');
INSERT INTO FavArticles VALUES('0197f801-6b69-7120-944c-75a1210b9db8','user4');
INSERT INTO FavArticles VALUES('0197f801-6b69-7120-944c-75a1210b9db8','user1');
INSERT INTO FavArticles VALUES('0197f800-9d1d-7e52-b6a2-7a443d9dd091','user1');
INSERT INTO FavArticles VALUES('0197f801-6b69-7120-944c-75a1210b9db8','user2');
INSERT INTO FavArticles VALUES('0197f7f3-f13d-7e13-9045-5f30d9ff49fd','user2');
INSERT INTO FavArticles VALUES('0197f7fc-9baa-73d1-919c-3b9ae6a3dca6','user2');
INSERT INTO FavArticles VALUES('0197f815-2d44-7d41-a346-c2e867337a92','user3');
INSERT INTO Comments VALUES(1,'0197f7f5-d26e-7241-856d-398d614ddf88','user2','Comment place holder for my first article','2025-07-11 05:30:16');
INSERT INTO Comments VALUES(2,'0197f7f2-cfca-7511-b9b8-6cd06e08578a','user2','Comment place holder for user1''s first article','2025-07-11 05:32:43');
INSERT INTO Comments VALUES(3,'0197f815-2d44-7d41-a346-c2e867337a92','user1','Comment place holder for user4''s second article','2025-07-11 06:05:47');
INSERT INTO Comments VALUES(4,'0197f815-2d44-7d41-a346-c2e867337a92','user1','Second comment place holder for user4''s second article','2025-07-11 06:06:12');
INSERT INTO sqlite_sequence VALUES('Comments',4);
